Project Name,Contract address
Anome,0xB735597CFd905eddd0d721658F2e273a3d2728d8
Anome,0x2954BE4579734B4f6C3E0402D66AD65a1ac4b930
Anome,0x0CabB5016a5594B5126dA60B74e508e1b6a6dB9F
Anome,0xE5824Ab3bc62317D57bbb85E9e10A94549e93d86
Anome,0xEE24157574A47C7a6C71Cd03c875FBc4D9cE5106
Anome,0xc63a7f77e7924abe9304F9db8100d0E9A8b5bE6b
Anome,0x8246646b3dAbf41A4bD8EFdCfd2812E97C3B7eDc
Anome,0x0f3c2735769823f7161640aF9e69afb95F709aEe
Anome,0x36B7b6CeAE6Fd45eab46Db8896Bb806eF65320E9
Anome,0x0562feec4Fc594C9D2d11C6ecF52f118C32Bc7F1
Anome,0x0bbda0f76e205fc6a160b90a09975fa443b3fe44
Anome,0xD3AC6E03Abde50eCe156482a6429abb77EC75e98
Anome,0x7B41f1EfB5522d11EdeDd1F278557E1008428D70
Anome,0xb6FC9F8dc63e389d2566b7d3757D1410A53049e6
Anome,0x21604De00a0300eBcc347A294a7b21A58dd0B9c5
Anome,0xD58e124Ee4245f006f4E3e8bF07f809Ce281D354
Anome,0xa309FAB84376e7DCACE7F74A25a21A7FEcFcAC89
Anome,0x617c60F5e7f90cd05BD4F491FC2FD0f2f4051f02
Anome,0x6c6D7Dd9e5c1C73D6aC880816B46eB645BCE9622
Anome,0xD5Ca19f46484b50B77034B09A42c3C92941881d3
Anome,0xc9a75661739a23A64324FBF7cDd3e1FcDBE99925
Anome,0x8a5a0B0710100Aa03d085e66C9BE44898E01797F
Anome,0x90b212DdCC7821E8e55811633Da0b9e2dC6D3084
Anome,0x438c25b8a4ddbd9a3601b65671de080a487351cf
Anome,0x53A5Bc8Ef6843396158CF2E5e5aCC1c21c6a1BE7
Anome,0x9A0919D9B532c9F087E741262606eFE18c40FD4c
Anome,0x5708039983b2AbD1176Af631C1717C5D21681845
Anome,0x25bB949C057ACaEd9e2600453b10b887Ac69370f
Anome,0x53d0702e227A691231e7c7818B2087C99ADE6bA0
Anome,0x73D4bd5FBbB5Ff8Cf09e526F7250fFA4Ba249c9f
Anome,0x314554a6e1d86728911a4c212B85bA7fFF8A9AEd
Anome,0x843C4635AA97CBd46b176Dc23b4C930330ae9276
Anome,0xac13b426928B0Bbf0984457f6407742bc8b9bbCF
Anome,0x8B1b146FBeF0c3A4c9361B1Ae7e46B5Dfd89cE0A
Anome,0x44774f159C7a83C08039C963125ad6aaF3Cb90Ef
Anome,0xDb524d916968942e6DeBc7415F8ae6A642FD2cC1
Anome,0x8e49050476579e91935D65E6dFAE57dCfeaE2Aaa
Anome,0x25D3eDAB9467a68afFC696ef8D6DCCe3E46FBB25
Anome,0x69E2443D565D21d27b251da1FCC9EEB273B8ADA8
Anome,0xCDeF8C8fb082514FBf72eCC2DA4d170B22705399
Anome,0x12D01392dF6D0097E4F7d1bb4FB346d546d71420
Anome,0xCB16824087ce2Ec04F07D0d11c6769c3CD49D5d4
Anome,0x4B2cAf0C130EbEd6A6511e945b092f4f24EEd3A7
Anome,0xb8D5E4927Be8EeAbe8b6702582955e0A1AA8f29f
Anome,0x563ae16EDddF6a2fc930464caB9C3a81125621e4
Anome,0xCDc9D560162eD89A70B67E68276d72AF08760F83
Anome,0xe2cb1ae985070ad86034AA8Db877C35aD189B8fE
Anome,0x6aE2A95ab5dEfE8507a428d60243061CDe638F8d
Anome,0x6282410E230F16F3ea2F1372E9c437d30208290D
Anome,0x27897aF92BDA3258Bd4ac33B126926D3A1772B3B
Anome,0x307b36F915e6b5f8a72d4bA95705B657Dc80C4Bc
Anome,0xd866eEE4f87f891328ce061cC1955844a1759263
Anome,0x5f2b081Ea4475D90eDfCDE1F597c4D0C7FF3Bf20
Anome,0x5867f5f586827317b25821f5538390b4fe0ba485
Anome,0xA4292aE869219A34cE0e89d4516A9550EE18A29E
Anome,0x6e44307C8Dd24eA4dedFc5993dd9e7C3758CD74A
Anome,0x30132a39c04738b8db956f280f8a4a95a747c0c0
Anome,0x9828a395c8576f879CFdd9624f829726D14407EA
Anome,0x7277ca789C72ED6A7b05118DA6b9d06184Fb1958
Anome,0xa66788153e9B006DBCF4cB8982b16A2c4b222dB0
Anome,0x114230129DABe4Ed69C6390eec8682aA2cC4a6a6
Anome,0xAFD7F2F9538F8E726472325e14EA14fbcd4e0b36
Anome,0x0b273497c6A594902146869ABf991Ef0E6141e01
Anome,0x3Fa22ddbB63018d24D9C6151c9394D913BFbaBf5
Anome,0x1aC7E0eA8d82EfD4C9e1f786893f0de54E8ff195
Anome,0xfdb0e9A7092EEC1ba3b1273815344601a92551dC
Anome,0x73f9E16dBC2F4C6a4ce78479327924b7b0373Bb4
Anome,0x692E3bAe4659D8bd89f812119D31143D6a396803
Anome,0xa84b03e9Fd38c5831b8DB5BaA0f46E04Ae78b23A
Anome,0x08806EbB1Fce70bd66C30D7BDE5971a116E999c2
Anome,0x289Dc5212DB18049C8144C671D1A72fF090d9842
Anome,0x28d3B076b60607B00D0F8cC7bFe7AD40d2a74bcE
Anome,0x80b09a209A26cf5bcE87E170aaEff8d3aC5F8186
Anome,0x8841C89b00C66E0a0778eb864B7d393E5939E0B1
Anome,0xa7a245423558aeB0c8b720A47E2fCfc2D243fb6F
Anome,0x97BF0C551A6eB32CA0AaC572cC16B168e982e720
Anome,0x1E387b7809223aF6a758023fFd6d4273CF88F957
Anome,0xBc1a7a1Bfc68731850F7ef1374e27D30817e0372
Anome,0x1F199af73498A57287F754c14a12883c08885e62
Anome,0x299F91a93d9Cb90608c49AB9D3B5c90EcDe1B589
Anome,0xfaEe2e6101C011E196702D66fa0E15C80E66f1de
Anome,0xbbfD05AE2e9a066D53071d18D17d1e3a2E4ae00F
Anome,0x47E0D62407B68C122dCD432aCc4be8FE421CfE3d
Anome,0x3Fc0f1B0171639E746d62B6A1E132d447464Ae57
Anome,0x46832F6A6a533813Aea33F323cC99d1968499420
Anome,0xC916837b1C78AdD3F08e12Be06A91CFa46d8353d
Anome,0xd9e86f699f2807b3EC4C4230417D79FDa16e2386
Anome,0x6Db9B0674139894dA05D5504A406016DcBCc3250
Anome,0x0dA873AfE60eb4B2837214799ADe24F5e32C9528
Anome,0x4c34348d75B743240C4b488fe4691ABbFf50421D
Anome,0xE466509Bd36ef82Ecdb2553bC1e0cDE6845A2910
Anome,0x5a281b038513f020aa7a9c30daeBF752fF8dbA97
Anome,0x08b9B03Dd228137F7357b242Aa4428c57931E009
Anome,0x0Bbda0F76e205Fc6A160B90a09975fa443B3fE44
Anome,0x89AC7b9748dc50E848e9Fc8fbb03E37c7F59f7c8
Anome,0xD4F66db4A08d063a805dD364Ae37C487e34D940e
Anome,0xA5e478ea261dbd62199B487c32ae4A5353C56c68
Anome,0xaf07eb50bACc713FCee137b80B203855b74E9E0C
Anome,0xC0132C9D90c15d6dAE1198E1Ece5Df3b70BaC915
Anome,0xed4575613eF226e966379e928cB404Ea7EccF192
Anome,0x99159f8daDF8dCA228AF953D9A824f8672dBe8Dc
Anome,0x614c75a386B9057b83698a4BB82E558459aB9D52
Anome,0xD6cFAdC1989b16a85DFf16600fB4063d39dF6aF0
Anome,0x50FD23a950B7ffFde33b6e7BFE9688fa7C5991D5
Anome,0xf4084Df5Ba98561E213335aDb766A097D166A7b2
Anome,0x327893fB4c75eEe97Fb0FaF74AAaAEe79dFE5652
Anome,0xf6Ca5AAE7299669d2182B79d3a70e1992d0c2754
Anome,0x79D274BA7755C8EFB7faABe8Ba71cefEeD5606aC
Anome,0x8fa8DeAF63384b6173eE3Ca67b84b0C92d6cD44e
Anome,0x6c8505e60633e921E3A9f59de0E9cF4dadeF1e2d
Anome,0x6D49447779E6431a8be0449066F4306274e6e202
Anome,0xb6Dd9169af999FbF3f152c5B30c815fd50F02E02
Anome,0xEaC9afc34F386F934fA3dD22BB22b54c106dc0c5
Anome,0x009fEF3EDe4BD31948Ca1e6B34D6974D42BD8ea5
Anome,0x9e2861408779d4c6f8b78C97CD0dE7810A7bd830
Anome,0x7f91De3fC52869427F1184Ddec23ecFda2C089b5
Anome,0x4CF9F1daD7a5Fa46DB1709f99f7602C1B9b15580
Anome,0xA21AFc518c5B05413bab3CE8d7E0F77cad884DeA
Archer Hunter,0xEAC9B3a24A4C35C38F589E46abc6FDee701d7c46
Archer Hunter,0xD287E43536b16F53aDd7bcF422e6fc177de796F1
Archer Hunter,0x7231876F16a5e935bDAC93FB0c1C65B17C5a69b4
Candy Dreams,0xE3A5c6a15abC50084EE404db4b42e20147C00Da9
CarbonDeFi,0xe4816658ad10bF215053C533cceAe3f59e1f1087
CarbonDeFi,0xA4682A2A5Fe02feFF8Bd200240A41AD0E6EaF8d5
Cat v Monsters,0x516e70ab91f817f4a7ba8aa02bec44a6532c4e33
Cat vs Monster,0x516e70AB91f817f4a7ba8aa02BEc44a6532c4E33
Catton AI,0x8A81370660E0B2465f343932b0546e349110f8e0
Cowtopia,0x5Ae21Eae1A71C5634F0A9c622143329990f86671
Cowtopia,0x903E346BD3862991998645864e8E5b835D862aEc
Cowtopia,0xed55fbd94eebace71864c9db3f9f6d5c93303e30
Cowtopia,0x531909fDba994B12C6bEBAdA26B3DC90C612FD81
Cowtopia,0x3fB6649E28BdA8794f0aE42A0e801b28333F14d7
Dragon Ninja,0x4db1008BD2Ac59E64d2dDd3a7ccCA46243C62f1E
Dragon Slither,0xf55ec370653bF89Dc210763f46fD08453b5d7D62
DragonNinja,0x4db1008bd2ac59e64d2ddd3a7ccca46243c62f1e
DragonSwap,0x11da6463d6cb5a03411dbf5ab6f6bc3997ac7428
DragonSwap,0x179d9a5592bc77050796f7be28058c51ca575df4
DragonSwap,0xe30fedd158a2e3b13e9badaeabafc5516e95e8c7
DragonSwap,0x71f6b49ae1558357bbb5a6074f1143c46cbca03d
DragonSwap,0x150b4A3088dFB06d92531D1cCa6E980FB9a270e1
Dragonswap,0xa4cf2f53d1195addde9e4d3aca54f556895712f2
Drift Zone,0xaAF80B71f4525fd3FD28edF3E805A95F32598d7D
Europe Fantasy League,0x0f846C19e82226AbB34f9E21215EB8A815D58661
Europe Fantasy League,0x61070F0FEe7B188Eed23e32692F09aB64c3cCEeB
Europe Fantasy League,0xB923b7c7664FfFFA8F32A9D192B61300BbF75AE8
Europe Fantasy League,0xAe21e8Dc31ED7c315ecb59f98F9688AE5d392fd5
FishWar,0x85BC29178BAC07468b76078998f550861239c469
Good Game Arcade,0x87f54f9898e946c1dd214cb7bf17af24588ec6fe
Good Game Arcade,0x685F1378F72F895e6e91Bc1549b3fC18E90771D6
Good Game Arcade,0x71f58e5f34ecfcaee30485d4c26abe4a57c8bca9
Good Game Arcade,0x2df9f48db4a64953c3a15292130ecbd0c4dd0cf2
Hyperlane,0x2f2aFaE1139Ce54feFC03593FeE8AB2aDF4a85A7
Infinity Heroes,0x0501a7aF3A1c447c411A71f292C77be8812F6A68
Kismet,0x4538A11c2700b65fc1fDd6e933A2DE8ECe6a5C26
Kismet,0x879F549ad54Bd5033016ba6C42d3ec2060863277
Kismet,0xA6311C7c9521A9C071A1838e195190b7c37A0524
Kismet,0x87ac8b15c57EF093869958ACC62Bb8F066e3e14D
LayerZero,0x1a44076050125825900e736c501f859c50fE728c
Layerswap,0x2Fc617E933a52713247CE25730f6695920B3befe
MRKT,0xe22eade976931e13fdaf1cddc3531f4f36d99f61
MRKT,0x1669023b077a60319325262d339e5797e69901e0
MRKT,0x96e4c3315c0947e777e8528441fdcf7047e2ebda
Magic Eden,0x0000000000000068F116a894984e2DB1123eB395
Majyo Treasure,0x0C3e52ba4E65a787BdF9582Da39BAe26872313f8
MemePet,0xcba384541fD6316aDf187a793fDA1e4a4962e901
MemePet,0x37b8a286ef8445e9C17BA59377581Eaea4d9c7af
MemePet,0xe06FdCB3B1Af836aDCa09fA10D8577358995B6f3
Meow Kingdom,0x46D2D4f843998eE636a18d706B28aC1a3319fe42
MetaArena,0xA5343D96D3cD64a966C5E73B4AB327e6bB258FcA
Oku,0x9f3b1c6b0cddfe7adadd7aadf72273b38eff0ebc
Oku,0xb14e3db320b195990990108c271f0558a795a875
Oku,0x47b4f8940eff392bc465d02faadf471796ffc2d1
Oku,0x2880ab155794e7179c9ee2e38200202908c17b43
Oku,0xfe4bb996926aca85c9747bbec886ec2a3f510c66
Oku,0x0465375274301ffcdf3274e59544d535e03b3688
Oku,0x1502fa4be69d526124d453619276faccab275d3d
Oku,0x60485c5e5e3d535b16cc1bd2c9243c7877374259
Oku,0x79828044c306dd3ae60db03cb56309883f74100b
Oku,0xce733ca21882d1407386af13c59f59e02b1db5a9
Oku,0xb094948a74fe32352b67ebc4eff07f2e38d63e95
Oku,0x6e8d0b4ebe31c334d53ff7eb08722a4941049070
Oku,0xdbbf09b9b9f99af7906160b59a3753924768aa47
Oku,0xe3dbcd53f4ce1b06ab200f4912bd35672e68f1fa
Oku,0x4a4d9abd36f923cba0af62a39c01dec2944fb638
Oku,0x454050c4c9190390981ac4b8d5afcd7ac65eeffa
Oku,0x38eb9e62abe4d3f70c0e161971f29593b8ae29ff
Oku,0x743e03cceb4af2efa3cc76838f6e8b50b63f184c
Oku,0x8b3c541c30f9b29560f56b9e44b59718916b69ef
Oku,0x6aa54a43d7eef5b239a18eed3af4877f46522bca
Oku,0xaa52bb8110fe38d0d2d2af0b85c3a3ee622ca455
Oku,0x807f4e281b7a3b324825c64ca53c69f0b418de40
Oku,0xdd489c75be1039ec7d843a6ac2fd658350b067cf
Oku,0xb952578f3520ee8ea45b7914994dcf4702cee578
Oku,0xca11bde05977b3631167028862be2a173976ca11
Oku,0xa9d71e1dd7ca26f26e656e66d6aa81ed7f745bf0
Oku,0xa683c66045ad16abb1bce5ad46a64d95f9a25785
Oku,0x75fc67473a91335b5b8f8821277262a13b38c9b3
Oku,0xb3309c48f8407651d918ca3da4c45de40109e641
Oku,0x1e18cdce56b3754c4dca34cb3a7439c24e8363de
Oku,0x5523985926aa12ba58dc5ad00ddca99678d7227e
Oku,0x2f2afae1139ce54fefc03593fee8ab2adf4a85a7
Oku,0xc3da629c518404860c8893a66ce3bb2e16bea6ec
Oku,0xe85a6a8f1168ef5dd89b5dc45e3add489997c8e1
Oku,0x5cFA8dB453C9904511C4eA9eb0bfc903E36b9F5F
Oku,0x8A1a9Efb7f7F74ACe10A31F2f5f9F7E804f957b1
Oku,0xd5c6366E7Cb1f367098BB2102E3d31e153A5A0Fc
Oku,0xbAb319C397913c1b57B55686D7d871B0f129e4eF
Oku,0xa3A573c8D14C93FCa8FDEcb7DB168619563D9B00
Oku,0x38EB9e62ABe4d3F70C0e161971F29593b8aE29FF
Oku,0x0493F80f3D4DA87aA0F3713e81e84062d769e5e1
Oku,0xa2d98bbb6fe820d6382d5f3ece7177060ed3ccea
Oku,0xaf4057ba4bfbdac52161b60b11eaf2613c3d5931
Oku,0xe81e52a751688e1a0c45a443eebc3f0c4bd54851
Oku,0xB49cDf5367dDA15793B3751be5913CdF20D4d1cA
Oku,0x0A6358F069268c7dc4918D5B12c69a782b957Ead
Oku,0x41eEa09c971294FcDE3B6E553902B04a47be7442
Orochi Network,0x3ef3Cae1578dB51144F04f8Da0336C225B183bbf
Pallet (EVM),0x6a9ec78779df577a983f4b2190e5469c8374af87
Piratopia,0x5Ba434a4A7be53833eC921c26F029aeA53AE71fe
Piratopia,0x34ad40405C23Cb2A4B4D5099ab3578FAeA501981
Piratopia,0xA678D15C771719e2E5410DA31852Fce65aB46A3D
Pixudi,0xa4a0aa78b8b20315274b37125386f4c4c2876282
QuizMatch,0xD844298D9d42d652E263e2b4c750E5578D8b1E7a
SEIYARA,0x475E850233d126762917D2f3a0aFDCa23D789E39
SEIYARA,0x0b7dd6e165A089C8EB58CA9f851Da42Ae3FA1Cc4
Seipex,0xe70AAa288F801B208074171be87b804178Ce5d11
Seipex,0x3A0A7a3cA25C17D15E8d51332fb25BFEA274d107
Shadow Mysteries,0x4b60BEF991C993a3DabdB70d1c7CB584dC5693dC
Shadow Mysteries,0xEc81d8283114bdd792e926dc46fb3eb54795aF03
Silo,0xd24972c11f91c1bb9eaee97ec96bb9c33cf7af24
Silo,0x4a472dd119226f6f37f3c0424067678d30734a30
Silo,0xfd5b6c13abafaab553c1b2fe865f0cf9fe6989e5
Silo,0xf2a024b29a7db71ec6ca6718a72bfb2a8fb0bf64
Silo,0x773bd3cf2d2e2236d3f836cb200bcb4162e16208
Silo,0xbd00c87850416db0995ef8030b104f875e1bdd15
Silo,0x5Cf6826140C1C56Ff49C808A1A75407Cd1DF9423
Silo,0x43dae8bb39d43f2fa7625715572c89c4d8ba26d6
Silo,0xe1e2dabab661c44f81b8b024a9395bf2b9431723
Silo,0x8c1014b5936dd88baa5f4db0423c3003615e03a0
Silo,0xd8936a68397f8bc87ac4e632484a3df2159611a5
Silo,0x28a3f57ce1625b5849f2faef7b52016f49588d59
Silo,0x1231deb6f5749ef6ce6943a275a1d3e7486f4eae
Silo,0xe5085112160ff75ee89a540cdba570eafdaf7f57
Silo,0x521f16979c5f3d30b578657a594de3f5e2822b6f
Silo,0x95a2d143910977d22460ddb9ca0c18e37c0ee227
Silo,0xe6889b9698cf32206c6ca6f6f83da1b6e7f12fa0
Silo,0x972377471f229ec94cbb3c10d615f4b571420e21
Silo,0xc99366dab9ad05157a680fe5107baff5b32d6214
Silo,0xc56eb3d03c5d7720daf33a3718affb9bcab03fbc
Silo,0x5cf6826140c1c56ff49c808a1a75407cd1df9423
Silo,0x9278ad180828ed21ef509757af7bd0023cb121f5
Silo,0xdd7d5e4ea2125d43c16eed8f1ffefffa2f4b4af6
Silo,0xa7fdcbe645d6b2b98639ebacbc347e2b575f6f70
Silo,0x00a88cef6ee22e12a63e4925f7724ddebad9f11e
Silo,0x567b3deb44ad1e837296a5c6ffc798636b72e4ae
Silo,0x26d1ef68ceb048e75398859ef63abd163afa5f8e
Silo,0xc097ab8cd7b053326dfe9fb3e3a31a0cce3b526f
Silo,0x7ccdcfbcfb6b4d6dbb148d5c4b1786eb87a58d43
Silo,0x809ff4801aa5bdb33045d1fec810d082490d63a4
Silo,0x603bfa58dbd9f4c0955f906473c80f04f001120a
Silo,0x3a236f67fce401d87d7215695235e201966576e4
Silo,0x97aa7b7501fa0fe66649de7394b9794fa40aef02
Silo,0xd3bf119cad7c8567e4543dc47fce8db104dd93dd
Silo,0x0e68b4764e30cefa3133dd3b249d541fd914e26c
Silo,0x64445f0aecc51e94ad52d8ac56b7190e764e561a
Silo,0x23a7abeb8111eff8b7ae13db0122b11c67a92b64
Silo,0x89bb5417438bb630b9cdfe92eb9afd06d8b76886
Silo,0x7c1daae7bb0688c9bfe3a918a4224041c7177256
Silo,0xb9f3b158bc82ffd3c3532ef63ffef938d9ac20e0
Silo,0xce8f24a58d85ed5c5a6824f7be1f8d4711a0eb4c
Silo,0xe1844c5d63a9543023008d332bd3d2e6f1fe1043
SpinCity,0x6cAfAD6AAf5F3EAB6a7a31472A8B577d5eCF8777
SpinCity,0x8e5C235b586A8b4d3b326eB999f7C892Daf45283
SpinCity,0x3E3900513E5DA31183e816Af1b2c460B6FF4C9e5
SpinCity,0x87257d64Deab8012227B8DAD262D20d390Ff3227
SpinCity,0xBa9498e8F312FFFC78de8Ef3cB73B0869b51549d
Star Symphony,0xe34d1bee70dfff37a5d6378472ee2172354c78e3
Star Symphony,0x94158Bf76873Ee0a9704eFEF4566732889E51907
Stargate,0xDe48600aA18Ae707f5D57e0FaafEC7C118ABaeb2
Stargate,0x45d417612e177672958dc0537c45a8f8d754ac2e
Stargate,0x873cfB4bAe1Ab6A5DE753400e9d0616e10Dced22
Stargate,0x0db9afb4c33be43a0a0e396fd1383b4ea97ab10a
Stargate,0x1502FA4be69d526124D453619276FacCab275d3D
Stargate,0x5c386D85b1B82FD9Db681b9176C8a4248bb6345B
Synnax,0x059A6b0bA116c63191182a0956cF697d0d2213eC
VIA Labs,0x15AC559DA4951c796DB6620fAb286B96840D039A
Vertex,0x79a0bf8a865398b2247609c88a53cd839a49b0a4
Vertex,0xbc096b6a7d5404de916b3333ad223a1b32eec8aa
Vertex,0xe60145b2b9c94186f16072db6d327e91ce18b96a
Vertex,0xf6f47578279030f62c83518101a24ef4db0fb46f
Vertex,0x581a5e0ba509781bb99f13e96295ab90756a7efb
Vertex,0x0000000000035bd5849b8cb31eaa5b39630e6b72
Vertex,0x14571ffa50edb7595b0d806b6529ba44f21687ba
Vertex,0x2777268eee0d224f99013bc4af24ec756007f1a6
Vertex,0x10ca72e87c0f2743fdf1a3b49989baecd4647df3
Vertex,0x56ffa2fd437c3a718322ea701bed40560745456e
Vertex,0xae1510367aa8d500bdf507e251147ea50b22307f
Vertex,0x3c2269811836af69497e5f486a85d7316753cf62
Vertex,0x2894358e6f8daf5d4bf80517d698724c28eb0149
Vertex,0x5cea65a8d17b35128e806447fb01c6bac06fcc8c
Vertex,0x613cb5b7a8ffd4304161f30fba46ce4284c25e21
Vertex,0x992b7521b928e05d78d7444cb65a77fb5bb4be5c
Wcoin,0x9e0c7cf1fc8bd83678cd211a51a26dea8a860c78
Wcoin,0xb80199e97181c4f606ab82f6eb20796d15865340
WcoinGame,0xe8eae1aaB1b4BBa29eAbaEfe7df4510833b6491e
WcoinGame,0x7d0E3C9b0ef8Ad43EC9c85f81D90A106Af8D5666
WcoinGame,0x829dfFba31DFD30e1115AD3889cBB9A56D8F5ff3
WcoinGame,0xb80199E97181c4F606AB82f6eb20796D15865340
Wild West Shooting,0xD3f17C220dA098a2A77384514913f34B88FD88Ea
World of Dypians,0x2dEeCF2a05F735890Eb3eA085d55CEc8F1a93895
World of Dypians,0x8E4917c1Ba9598fBbF66934CB17AC28c3b5849Ab
World of Dypians,0x6041dC62b74e28596b4917693f6B0F5baA61A13F
YEI,0x8138da4417340594aeea4be8fbc7693d9875b6cb
YEI,0x809FF4801aA5bDb33045d1fEC810D082490D63a4
YEI,0x242022Df3E68597810356B6210dfA53C3129f466
YEI,0x2a662eF26556a7d8795BF7a678E3Dd4b36FDec1e
YEI,0x7090D5fdCEfB496651B55c20D56282CbcdDC2EE2
YEI,0xC15dce4e1BfABbe0897845d7f7Ee56bc37113E08
YEI,0xa524c4a280f3641743eBa56e955a1c58e300712b
YEI,0x5c57266688a4ad1d3ab61209ebcb967b84227642
YEI,0xa1ce28cebab91d8df346d19970e4ee69a6989734
YEI,0x127201e84ad4ee06ec15104cf083696d6354f8dd
YEI,0x4ec5e3f9a32aabd6af62b9a22188f429d65f39c7
YEI,0x093066736E6762210de13F92b39Cf862eee32819
YEI,0xB6298BCD7EC6CA2A6EaBdD84A88969091b2c3291
YEI,0xc1a6F27a4CcbABB1C2b1F8E98478e52d3D3cB935
YEI,0x04295E6912F95f2690993473E6CCAAE438Cf3f06
YEI,0xbf63c919a8c15f4741e75c232c7be0d0af4d1d05
YEI,0x69ea2c310a950e58984f4bec4accf2ece391dafd
YEI,0x1C4b5c523f859c0F1f14A722a1EAFDe10348F995
YEI,0xd078c43f88fbed47b3ce16dc361606b594c8f305
YEI,0x800f3e929686ec90eeaabb8b98ed1eff126d532c
YEI,0x60c82a40c57736a9c692c42e87a8849fb407f0d6
YEI,0xf8157786e3401a7377becb7af288b84c8ee614e1
YEI,0x945C042a18A90Dd7adb88922387D12EfE32F4171
YEI,0x241995b768c1ae629eb5a6f3749c6e7b8c4d47f2
Zeroway,0xd5eBC5e5f38c2d8c91C43122a105327c1F0260b4
Zeroway,0x6052c5c075212f013c856bff015872914ed3492a